{"cameraMode":{"drawMode":0,"name":"Shaded","section":"Shading Mode"},"sceneLighting":false,"audioPlay":false,"sceneViewState":{"m_AlwaysRefresh":false,"showFog":true,"showSkybox":false,"showFlares":true,"showImageEffects":true,"showParticleSystems":true,"showVisualEffectGraphs":true,"m_FxEnabled":true},"in2DMode":false,"pivot":{"x":0.23728376626968385,"y":0.5802621841430664,"z":0.10008978843688965},"rotation":{"x":0.09391269087791443,"y":0.37138983607292178,"z":-0.034622661769390109,"w":0.9231009483337402},"size":0.8660257458686829,"orthographic":false}