{"cameraMode":{"drawMode":0,"name":"Shaded","section":"Shading Mode"},"sceneLighting":false,"audioPlay":false,"sceneViewState":{"m_AlwaysRefresh":false,"showFog":true,"showSkybox":false,"showFlares":true,"showImageEffects":true,"showParticleSystems":true,"showVisualEffectGraphs":true,"m_FxEnabled":true},"in2DMode":false,"pivot":{"x":-0.000016428453818662092,"y":0.000002175756435462972,"z":0.000016477102690259926},"rotation":{"x":-0.022330699488520623,"y":-0.21640068292617799,"z":0.0019038337050005794,"w":-0.9760612845420837},"size":0.000017320508050033823,"orthographic":false}