{"cameraMode":{"drawMode":0,"name":"Shaded","section":"Shading Mode"},"sceneLighting":true,"audioPlay":false,"sceneViewState":{"m_AlwaysRefresh":false,"showFog":true,"showSkybox":true,"showFlares":true,"showImageEffects":true,"showParticleSystems":true,"showVisualEffectGraphs":true,"m_FxEnabled":true},"in2DMode":false,"pivot":{"x":-2600.165771484375,"y":51.853702545166019,"z":-252.92965698242188},"rotation":{"x":0.18795032799243928,"y":0.49967724084854128,"z":-0.10844854265451431,"w":0.8385916948318481},"size":1.851869821548462,"orthographic":false}