{"cameraMode":{"drawMode":0,"name":"Shaded","section":"Shading Mode"},"sceneLighting":true,"audioPlay":false,"sceneViewState":{"m_AlwaysRefresh":false,"showFog":true,"showSkybox":true,"showFlares":true,"showImageEffects":true,"showParticleSystems":true,"showVisualEffectGraphs":true,"m_FxEnabled":true},"in2DMode":false,"pivot":{"x":-2408.76416015625,"y":33.680335998535159,"z":-188.30258178710938},"rotation":{"x":-0.009732035920023919,"y":0.986580491065979,"z":-0.09211643785238266,"w":-0.13487978279590608},"size":12.102477073669434,"orthographic":false}