{"cameraMode":{"drawMode":0,"name":"Shaded","section":"Shading Mode"},"sceneLighting":false,"audioPlay":false,"sceneViewState":{"m_AlwaysRefresh":false,"showFog":true,"showSkybox":false,"showFlares":true,"showImageEffects":true,"showParticleSystems":true,"showVisualEffectGraphs":true,"m_FxEnabled":true},"in2DMode":false,"pivot":{"x":0.9750000238418579,"y":0.9749999046325684,"z":0.9750000238418579},"rotation":{"x":0.2624627351760864,"y":0.32673653960227969,"z":-0.09171139448881149,"w":0.9033324718475342},"size":1.775352120399475,"orthographic":false}