{"cameraMode":{"drawMode":0,"name":"Shaded","section":"Shading Mode"},"sceneLighting":false,"audioPlay":false,"sceneViewState":{"m_AlwaysRefresh":false,"showFog":true,"showSkybox":false,"showFlares":true,"showImageEffects":true,"showParticleSystems":true,"showVisualEffectGraphs":true,"m_FxEnabled":true},"in2DMode":false,"pivot":{"x":4.542763710021973,"y":6.732636451721191,"z":35.91469192504883},"rotation":{"x":-0.31944379210472109,"y":-0.677735447883606,"z":0.4175649881362915,"w":-0.5152392983436585},"size":0.000017320508050033823,"orthographic":false}